,0
0,news
1,news
2,news
3,news
4,news
5,movies
6,news
7,news
8,news
9,hockey
10,news
11,news
12,news
13,news
14,news
15,news
16,news
17,news
18,news
19,news
20,hockey
21,news
22,news
23,news
24,news
25,news
26,news
27,hockey
28,hockey
29,hockey
30,news
31,news
32,news
33,news
34,news
35,news
36,news
37,news
38,news
39,news
40,hockey
41,news
42,news
43,news
44,hockey
45,news
46,news
47,news
48,news
49,news
50,hockey
51,news
52,news
53,hockey
54,news
55,news
56,news
57,news
58,news
59,news
60,news
61,news
62,news
63,news
64,hockey
65,news
66,hockey
67,hockey
68,news
69,news
70,hockey
71,news
72,news
73,news
74,news
75,hockey
76,news
77,news
78,news
79,news
80,news
81,news
82,news
83,news
84,news
85,news
86,news
87,news
88,hockey
89,hockey
90,news
91,news
92,news
93,news
94,news
95,news
96,hockey
97,news
98,news
99,hockey
